2026-09-05T03:14:23.2905884960	3238	/home/cbgpu/molecule-AI/c1_train.log
2026-09-04T20:10:55.2302458760	35830	/home/cbgpu/molecule-AI/train_r6.log
2026-09-19T01:00:09.7230511770	1561	/home/cbgpu/molecule-AI/measure_ci_b1fixed_out.log
2026-09-06T01:02:00.9911380680	3302	/home/cbgpu/molecule-AI/c4_eval2.log
2026-09-13T02:17:51.9048337850	1266	/home/cbgpu/molecule-AI/h2_g5.log
2026-09-12T09:55:12.7879542970	4585	/home/cbgpu/molecule-AI/g1_dft_spotcheck.py
2026-09-04T18:57:52.7263777780	90393066	/home/cbgpu/molecule-AI/checkpoints_r6/ckpt_epoch0021.pt
2026-09-04T15:29:39.5566656030	90393066	/home/cbgpu/molecule-AI/checkpoints_r6/ckpt_epoch0009.pt
2026-09-04T17:14:07.6909212770	90393066	/home/cbgpu/molecule-AI/checkpoints_r6/ckpt_epoch0015.pt
2026-09-04T13:31:46.1394215360	90393066	/home/cbgpu/molecule-AI/checkpoints_r6/ckpt_epoch0002.pt
2026-09-04T14:39:04.0451387770	90393066	/home/cbgpu/molecule-AI/checkpoints_r6/ckpt_epoch0006.pt
2026-09-04T19:51:14.4188657740	22585253	/home/cbgpu/molecule-AI/checkpoints_r6/best.pt
2026-09-04T14:05:29.5964355340	90393066	/home/cbgpu/molecule-AI/checkpoints_r6/ckpt_epoch0004.pt
2026-09-04T16:38:48.2411516400	90393066	/home/cbgpu/molecule-AI/checkpoints_r6/ckpt_epoch0013.pt
2026-09-04T13:48:44.4041532180	90393066	/home/cbgpu/molecule-AI/checkpoints_r6/ckpt_epoch0003.pt
2026-09-04T19:51:14.5678708700	90393066	/home/cbgpu/molecule-AI/checkpoints_r6/ckpt_epoch0024.pt
2026-09-04T13:14:42.1324932440	90393066	/home/cbgpu/molecule-AI/checkpoints_r6/ckpt_epoch0001.pt
2026-09-04T19:15:39.4328558480	90393066	/home/cbgpu/molecule-AI/checkpoints_r6/ckpt_epoch0022.pt
2026-09-04T18:06:09.8982706370	90393066	/home/cbgpu/molecule-AI/checkpoints_r6/ckpt_epoch0018.pt
2026-09-04T15:13:09.1628879930	90393066	/home/cbgpu/molecule-AI/checkpoints_r6/ckpt_epoch0008.pt
2026-09-04T18:23:19.6664855280	90393066	/home/cbgpu/molecule-AI/checkpoints_r6/ckpt_epoch0019.pt
2026-09-04T16:21:03.9678601650	90393066	/home/cbgpu/molecule-AI/checkpoints_r6/ckpt_epoch0012.pt
2026-09-04T16:03:20.0545751530	90393066	/home/cbgpu/molecule-AI/checkpoints_r6/ckpt_epoch0011.pt
2026-09-04T16:56:28.9649067150	90393066	/home/cbgpu/molecule-AI/checkpoints_r6/ckpt_epoch0014.pt
2026-09-04T20:08:44.5767779310	90393066	/home/cbgpu/molecule-AI/checkpoints_r6/ckpt_epoch0025.pt
2026-09-04T19:33:24.2532694170	90393066	/home/cbgpu/molecule-AI/checkpoints_r6/ckpt_epoch0023.pt
2026-09-04T17:48:21.0457191830	90393066	/home/cbgpu/molecule-AI/checkpoints_r6/ckpt_epoch0017.pt
2026-09-04T14:55:53.0185500490	90393066	/home/cbgpu/molecule-AI/checkpoints_r6/ckpt_epoch0007.pt
2026-09-04T17:31:15.2616345340	90393066	/home/cbgpu/molecule-AI/checkpoints_r6/ckpt_epoch0016.pt
2026-09-04T14:22:11.2825982740	90393066	/home/cbgpu/molecule-AI/checkpoints_r6/ckpt_epoch0005.pt
2026-09-04T18:40:29.9617184450	90393066	/home/cbgpu/molecule-AI/checkpoints_r6/ckpt_epoch0020.pt
2026-09-04T15:46:49.6277964180	90393066	/home/cbgpu/molecule-AI/checkpoints_r6/ckpt_epoch0010.pt
2026-09-05T01:19:59.1492819910	8555	/home/cbgpu/molecule-AI/gen_3d_samples2.py
2026-09-12T13:19:13.9741146170	4776	/home/cbgpu/molecule-AI/g1.log
2026-09-06T02:47:29.6864215670	4460	/home/cbgpu/molecule-AI/d1_dist_check.py
2026-09-08T12:48:20.6299426780	6308	/home/cbgpu/molecule-AI/d3_guidance_sweep.py
2026-09-13T13:10:23.4980307640	4797	/home/cbgpu/molecule-AI/train_c4_g6.log
2026-09-17T19:32:27.3154049140	3389	/home/cbgpu/molecule-AI/mid_train_check2_out.log
2026-09-17T19:28:17.0037031080	3971	/home/cbgpu/molecule-AI/mid_train_check2.py
2026-09-08T15:56:09.7654370150	8487	/home/cbgpu/molecule-AI/model2.py
2026-09-05T12:51:16.1226016040	5558	/home/cbgpu/molecule-AI/c5_xtb_calib.py
2026-09-05T12:57:39.5132376760	715	/home/cbgpu/molecule-AI/c5_calib2.log
2026-09-12T07:01:28.2893619090	3036	/home/cbgpu/molecule-AI/gen_2d_samples_c4.py
2026-09-13T10:58:34.4983464520	2021	/home/cbgpu/molecule-AI/chart_d_ev.py
2026-09-19T04:11:10.8251460420	6245	/home/cbgpu/molecule-AI/measure_cycle_saturation.py
2026-09-06T00:56:27.0329325590	5140	/home/cbgpu/molecule-AI/c4_eval.log
2026-09-12T17:48:30.8195113830	805	/home/cbgpu/molecule-AI/train_c4_ft2.log
2026-09-17T15:41:11.7178133980	2917	/home/cbgpu/molecule-AI/profile_train.py
2026-08-28T06:07:42.1423059580	90377720	/home/cbgpu/molecule-AI/checkpoints_r5/ckpt_epoch0002.pt
2026-08-28T06:07:41.9933008060	22581679	/home/cbgpu/molecule-AI/checkpoints_r5/best.pt
2026-08-28T05:51:21.3263907740	90377720	/home/cbgpu/molecule-AI/checkpoints_r5/ckpt_epoch0001.pt
2026-08-28T06:09:27.0889348610	1870	/home/cbgpu/molecule-AI/train_r5.log
2026-09-18T09:55:01.1903990710	23063873	/home/cbgpu/molecule-AI/checkpoints_c4_b1/best.pt
2026-09-18T11:03:18.7592719750	92316446	/home/cbgpu/molecule-AI/checkpoints_c4_b1/ckpt_epoch0020.pt
2026-09-18T07:14:27.1547575760	92316446	/home/cbgpu/molecule-AI/checkpoints_c4_b1/ckpt_epoch0010.pt
2026-09-03T07:51:20.0835188000	3331	/home/cbgpu/molecule-AI/x1_ring_diag.py
2026-09-08T12:51:39.7193836880	901	/home/cbgpu/molecule-AI/d3_results.json
2026-09-08T15:04:25.4810556250	2287	/home/cbgpu/molecule-AI/e1_results.json
2026-09-17T05:16:15.7725778960	3091	/home/cbgpu/molecule-AI/extend_properties_out.log
2026-09-17T15:33:31.6835977540	6275	/home/cbgpu/molecule-AI/exp_a3_ablation_hba.py
2026-09-03T13:27:11.2470156210	5632	/home/cbgpu/molecule-AI/z1_z2.py
2026-09-05T12:50:45.7791142190	718	/home/cbgpu/molecule-AI/c5_calib.log
2026-09-18T12:14:44.7437875580	84236	/home/cbgpu/molecule-AI/api.log
2026-09-01T22:29:30.9020147820	7192796	/home/cbgpu/molecule-AI/train_v4_stdout.log
2026-09-17T05:23:39.5608038090	3126	/home/cbgpu/molecule-AI/exp_a2_out.log
2026-09-18T11:06:00.6308765650	10012419	/home/cbgpu/molecule-AI/train_c4_b1_stdout.log
2026-09-13T13:20:30.0586140220	1266	/home/cbgpu/molecule-AI/measure_g6_ci.log
2026-09-13T02:08:57.1829913160	1263	/home/cbgpu/molecule-AI/h2_orig.log
2026-09-19T01:09:31.8808677810	2352	/home/cbgpu/molecule-AI/measure_ring56_raw.py
2026-08-31T12:35:44.2264500150	2455	/home/cbgpu/molecule-AI/inspect_r5.py
2026-09-08T07:46:19.8260722020	2453	/home/cbgpu/molecule-AI/c6_agreement.log
2026-09-13T03:58:12.4061867230	3201	/home/cbgpu/molecule-AI/measure_ci_h2.py
2026-09-13T00:07:24.1670695160	3313	/home/cbgpu/molecule-AI/diag_signal_dilution.py
2026-09-14T09:53:13.8597378510	19187	/home/cbgpu/molecule-AI/inference_api.py
2026-09-19T01:11:15.6435155560	1097	/home/cbgpu/molecule-AI/ring56_b1fixed_out.log
2026-08-28T02:38:10.1755857380	775987	/home/cbgpu/molecule-AI/train_r4_stdout.log
2026-09-08T12:46:44.9436694540	1132	/home/cbgpu/molecule-AI/d3_smoke.py
2026-09-05T01:26:11.9285112740	1178	/home/cbgpu/molecule-AI/gen3d2.log
2026-09-05T02:16:01.9857960410	2650	/home/cbgpu/molecule-AI/z5_recheck.py
2026-09-05T19:05:08.6230349410	2528	/home/cbgpu/molecule-AI/train_c4.log
2026-09-17T05:03:54.9523753110	1934	/home/cbgpu/molecule-AI/extend_properties_smoketest.py
2026-09-04T20:10:55.2352460470	7182737	/home/cbgpu/molecule-AI/train_r6_stdout.log
2026-09-17T22:12:18.6887374750	23062849	/home/cbgpu/molecule-AI/checkpoints_c4_a1/best.pt
2026-09-17T23:25:14.5340224050	92312350	/home/cbgpu/molecule-AI/checkpoints_c4_a1/ckpt_epoch0020.pt
2026-09-17T19:24:43.3092742600	92312350	/home/cbgpu/molecule-AI/checkpoints_c4_a1/ckpt_epoch0010.pt
2026-09-05T12:57:39.5132376760	6755	/home/cbgpu/molecule-AI/c5_xtb_calib_results.json
2026-09-04T20:12:08.6487565620	16315	/home/cbgpu/molecule-AI/model3_baseline.py
2026-08-31T14:16:15.5023301470	1568	/home/cbgpu/molecule-AI/v0_floor.py
2026-09-08T07:36:20.3465655700	3261	/home/cbgpu/molecule-AI/c6_train.log
2026-09-12T17:51:37.5852946830	2715	/home/cbgpu/molecule-AI/measure_ft2_error.py
2026-09-08T15:55:53.0928666790	112026	/home/cbgpu/molecule-AI/cvae_cond_samples.pt
2026-09-05T00:51:30.3922234310	1177	/home/cbgpu/molecule-AI/gen3d.log
2026-09-04T20:12:55.9703748160	4537	/home/cbgpu/molecule-AI/final_ab_eval.py
2026-09-19T05:04:57.9499151360	7432	/home/cbgpu/molecule-AI/benchmark_cycle_cost.py
2026-08-28T02:38:10.1705855660	1870	/home/cbgpu/molecule-AI/train_r4.log
2026-09-18T01:37:20.8008664670	1880	/home/cbgpu/molecule-AI/measure_ci_a1_out.log
2026-08-31T16:19:50.7013655010	1213	/home/cbgpu/molecule-AI/rebaseline_r5.py
2026-09-05T11:42:34.0703671820	3983	/home/cbgpu/molecule-AI/c3_wiring_eval.py
2026-09-04T20:16:42.8041318300	2997	/home/cbgpu/molecule-AI/final_ab_eval.log
2026-09-05T04:34:55.2522119230	821	/home/cbgpu/molecule-AI/plot_c1.py
2026-09-05T11:41:03.1112559700	1088	/home/cbgpu/molecule-AI/train_c3.log
2026-09-13T12:17:33.5872254270	3560	/home/cbgpu/molecule-AI/viz_noise_exact.py
2026-09-17T23:28:04.9119517720	11975	/home/cbgpu/molecule-AI/train_c4_a1.log
2026-09-13T13:10:23.5050310010	5063260	/home/cbgpu/molecule-AI/c4_g6_stdout.log
2026-09-05T19:05:08.6230349410	7077485	/home/cbgpu/molecule-AI/train_c4_stdout.log
2026-09-19T01:11:15.6435155560	3031	/home/cbgpu/molecule-AI/ring_raw_b1fixed.json
2026-09-13T04:18:13.3283015180	1266	/home/cbgpu/molecule-AI/h2b_g5.log
2026-09-12T07:23:40.2999093790	2711	/home/cbgpu/molecule-AI/measure_w1_w2_error.py
2026-09-06T02:45:26.7601136840	1289	/home/cbgpu/molecule-AI/c1_test_check.py
2026-08-27T12:59:00.3530460440	777	/home/cbgpu/molecule-AI/precompute_sizes.py
2026-09-05T02:23:39.6493543060	1454	/home/cbgpu/molecule-AI/frag_check2.py
2026-09-18T19:05:24.2222835150	9997198	/home/cbgpu/molecule-AI/train_c4_b1_fixed_stdout.log
2026-09-18T01:32:56.2996614920	4369	/home/cbgpu/molecule-AI/measure_ci_a1.py
2026-09-18T19:05:24.2152832680	5059	/home/cbgpu/molecule-AI/train_c4_b1_fixed.log
2026-09-05T11:41:03.1112559700	1385346	/home/cbgpu/molecule-AI/train_c3_stdout.log
2026-09-14T06:42:48.7216704820	3275	/home/cbgpu/molecule-AI/diag_multimodal.py
2026-09-05T02:22:46.7344398450	1267	/home/cbgpu/molecule-AI/frag_check.py
2026-09-02T05:48:17.8509470380	22378	/home/cbgpu/molecule-AI/ram_monitor_v4.log
2026-08-31T14:13:04.9718116060	2913	/home/cbgpu/molecule-AI/v0_measure.py
2026-08-31T14:23:06.0133747920	2402	/home/cbgpu/molecule-AI/ref_dist.py
2026-08-28T06:09:27.0939350330	554510	/home/cbgpu/molecule-AI/train_r5_stdout.log
2026-09-01T21:17:41.6076340320	90377720	/home/cbgpu/molecule-AI/checkpoints_v4/ckpt_epoch0021.pt
2026-09-01T17:46:17.3714935460	90377720	/home/cbgpu/molecule-AI/checkpoints_v4/ckpt_epoch0009.pt
2026-09-01T19:30:49.1268349500	90377720	/home/cbgpu/molecule-AI/checkpoints_v4/ckpt_epoch0015.pt
2026-09-01T15:48:12.4991371070	90377720	/home/cbgpu/molecule-AI/checkpoints_v4/ckpt_epoch0002.pt
2026-09-01T16:54:07.0287389700	90377720	/home/cbgpu/molecule-AI/checkpoints_v4/ckpt_epoch0006.pt
2026-09-01T20:59:27.8928586710	22581679	/home/cbgpu/molecule-AI/checkpoints_v4/best.pt
2026-09-01T16:20:49.7402412960	90377720	/home/cbgpu/molecule-AI/checkpoints_v4/ckpt_epoch0004.pt
2026-09-01T18:54:46.3283557970	90377720	/home/cbgpu/molecule-AI/checkpoints_v4/ckpt_epoch0013.pt
2026-09-01T16:04:00.5311248420	90377720	/home/cbgpu/molecule-AI/checkpoints_v4/ckpt_epoch0003.pt
2026-09-01T22:09:47.1517056410	90377720	/home/cbgpu/molecule-AI/checkpoints_v4/ckpt_epoch0024.pt
2026-09-01T15:31:38.9835667270	90377720	/home/cbgpu/molecule-AI/checkpoints_v4/ckpt_epoch0001.pt
2026-09-01T21:35:18.1785050150	90377720	/home/cbgpu/molecule-AI/checkpoints_v4/ckpt_epoch0022.pt
2026-09-01T20:23:07.1643488130	90377720	/home/cbgpu/molecule-AI/checkpoints_v4/ckpt_epoch0018.pt
2026-09-01T17:28:48.3481761660	90377720	/home/cbgpu/molecule-AI/checkpoints_v4/ckpt_epoch0008.pt
2026-09-01T20:41:15.4392779310	90377720	/home/cbgpu/molecule-AI/checkpoints_v4/ckpt_epoch0019.pt
2026-09-01T18:36:56.1060062830	90377720	/home/cbgpu/molecule-AI/checkpoints_v4/ckpt_epoch0012.pt
2026-09-01T18:19:49.6161829830	90377720	/home/cbgpu/molecule-AI/checkpoints_v4/ckpt_epoch0011.pt
2026-09-01T19:13:19.1641924750	90377720	/home/cbgpu/molecule-AI/checkpoints_v4/ckpt_epoch0014.pt
2026-09-01T22:27:11.6321547050	90377720	/home/cbgpu/molecule-AI/checkpoints_v4/ckpt_epoch0025.pt
2026-09-01T21:52:43.2899761030	90377720	/home/cbgpu/molecule-AI/checkpoints_v4/ckpt_epoch0023.pt
2026-09-01T20:05:05.9606160610	90377720	/home/cbgpu/molecule-AI/checkpoints_v4/ckpt_epoch0017.pt
2026-09-01T17:11:26.2438995140	90377720	/home/cbgpu/molecule-AI/checkpoints_v4/ckpt_epoch0007.pt
2026-09-01T19:47:45.6923119060	90377720	/home/cbgpu/molecule-AI/checkpoints_v4/ckpt_epoch0016.pt
2026-09-01T16:37:05.8172048800	90377720	/home/cbgpu/molecule-AI/checkpoints_v4/ckpt_epoch0005.pt
2026-09-01T20:59:28.0488639160	90377720	/home/cbgpu/molecule-AI/checkpoints_v4/ckpt_epoch0020.pt
2026-09-01T18:02:29.2828765590	90377720	/home/cbgpu/molecule-AI/checkpoints_v4/ckpt_epoch0010.pt
2026-09-18T18:39:48.2534593690	23063873	/home/cbgpu/molecule-AI/checkpoints_c4_b1_fixed/best.pt
2026-09-18T19:02:51.5989118070	92316446	/home/cbgpu/molecule-AI/checkpoints_c4_b1_fixed/ckpt_epoch0020.pt
2026-09-18T15:09:34.9368678410	92316446	/home/cbgpu/molecule-AI/checkpoints_c4_b1_fixed/ckpt_epoch0010.pt
2026-09-19T00:55:23.0049440990	4236	/home/cbgpu/molecule-AI/measure_ci_raw.py
2026-09-16T11:54:43.5925759840	7839	/home/cbgpu/molecule-AI/exp_a_out3.log
2026-09-05T11:41:03.1012556280	22596310	/home/cbgpu/molecule-AI/checkpoints_c3/best.pt
2026-09-13T13:07:25.9660308110	22898236	/home/cbgpu/molecule-AI/checkpoints_c4_g6/best.pt
2026-09-13T11:08:54.4620966530	91654391	/home/cbgpu/molecule-AI/checkpoints_c4_g6/ckpt_epoch0005.pt
2026-09-13T13:07:26.1340364890	91654391	/home/cbgpu/molecule-AI/checkpoints_c4_g6/ckpt_epoch0010.pt
2026-09-17T07:30:42.7841053790	1135	/home/cbgpu/molecule-AI/smoketest_initweights.py
2026-09-08T15:34:42.9154163620	18834	/home/cbgpu/molecule-AI/model3_r6.py
2026-09-13T11:59:40.9899163340	3514	/home/cbgpu/molecule-AI/viz_noise_4panel.py
2026-09-06T01:08:02.6043084650	3599	/home/cbgpu/molecule-AI/c4_eval3.log
2026-09-06T00:53:23.4084975440	551342	/home/cbgpu/molecule-AI/c1_regressor.pt
2026-09-11T02:07:53.5596025380	3396	/home/cbgpu/molecule-AI/gen_2d_samples_cvae.py
2026-09-17T05:31:37.9282161030	6362	/home/cbgpu/molecule-AI/exp_a3_ablation.py
2026-09-08T15:56:13.0635498370	45352761	/home/cbgpu/molecule-AI/checkpoints_cvae_e70.pt
2026-09-04T10:22:41.4219113920	3464	/home/cbgpu/molecule-AI/z5_donothing.py
2026-09-08T12:04:52.6847303880	8053	/home/cbgpu/molecule-AI/d2_xtb_spotcheck.py
2026-09-13T01:15:40.4023435080	3425	/home/cbgpu/molecule-AI/diag_signal_dilution_abin.py
2026-09-05T11:49:55.5914691950	1687	/home/cbgpu/molecule-AI/c3_eval.log
2026-09-10T02:30:54.2171522170	8842	/home/cbgpu/molecule-AI/render3d.py
2026-09-18T03:31:36.7782438650	35312	/home/cbgpu/molecule-AI/model3.py
2026-09-13T04:08:02.7037843980	1263	/home/cbgpu/molecule-AI/h2b_orig.log
2026-09-06T01:08:02.6043084650	3381	/home/cbgpu/molecule-AI/c4_eval_results.json
2026-08-27T13:16:44.7218508990	78	/home/cbgpu/molecule-AI/precompute_sizes.log
2026-09-17T14:31:10.7999190220	2757	/home/cbgpu/molecule-AI/mid_train_check_out.log
2026-09-12T21:23:44.1027787200	4721	/home/cbgpu/molecule-AI/train_c4_g5.log
2026-09-17T12:52:46.7990674210	4544	/home/cbgpu/molecule-AI/mid_train_check.py
2026-09-12T09:46:18.7613763730	22589142	/home/cbgpu/molecule-AI/checkpoints_c4/best_backup_20260912.pt
2026-09-05T17:16:57.0495449990	22589142	/home/cbgpu/molecule-AI/checkpoints_c4/best.pt
2026-09-05T17:48:01.8154839720	90409909	/home/cbgpu/molecule-AI/checkpoints_c4/ckpt_epoch0020.pt
2026-09-05T15:12:54.1924863980	90409909	/home/cbgpu/molecule-AI/checkpoints_c4/ckpt_epoch0010.pt
2026-09-05T03:53:19.1277839780	1050	/home/cbgpu/molecule-AI/c3_smoke.py
2026-09-18T03:31:37.3592639300	1808	/home/cbgpu/molecule-AI/test_circuit_rank.py
2026-09-05T12:37:33.9799946980	1023	/home/cbgpu/molecule-AI/c4_smoke.py
2026-09-13T11:50:50.5307130910	4516	/home/cbgpu/molecule-AI/viz_noise_compare.py
2026-09-17T07:25:47.5589737840	2611	/home/cbgpu/molecule-AI/smoketest_a1.py
2026-09-12T13:29:51.5519893520	4731543	/home/cbgpu/molecule-AI/c4_ft_stdout.log
2026-09-08T12:07:08.2674613860	2623	/home/cbgpu/molecule-AI/d2_gen_mols.json
2026-09-13T00:08:57.9023516120	2714	/home/cbgpu/molecule-AI/measure_g5_error.py
2026-09-17T15:38:07.7554905570	7416	/home/cbgpu/molecule-AI/exp_a3_hba_out.log
2026-08-28T02:36:14.7415941920	90361788	/home/cbgpu/molecule-AI/checkpoints_r4/ckpt_epoch0002.pt
2026-08-28T02:36:14.5975892130	22577790	/home/cbgpu/molecule-AI/checkpoints_r4/best.pt
2026-08-28T02:13:42.0268192060	90361788	/home/cbgpu/molecule-AI/checkpoints_r4/ckpt_epoch0001.pt
2026-09-01T22:29:30.8990146780	35830	/home/cbgpu/molecule-AI/train_v4.log
2026-09-06T02:49:54.5005973010	2436	/home/cbgpu/molecule-AI/d1_check.log
2026-09-08T15:56:09.2424191240	11279	/home/cbgpu/molecule-AI/model.py
2026-09-12T12:25:22.6383175840	22589142	/home/cbgpu/molecule-AI/checkpoints_c4_ft/best.pt
2026-09-12T11:44:40.8112144300	90409909	/home/cbgpu/molecule-AI/checkpoints_c4_ft/ckpt_epoch0005.pt
2026-09-12T13:27:24.4939439210	90409909	/home/cbgpu/molecule-AI/checkpoints_c4_ft/ckpt_epoch0010.pt
2026-09-12T13:29:51.5459891470	4217	/home/cbgpu/molecule-AI/train_c4_ft.log
2026-09-17T05:17:34.1142657190	6211	/home/cbgpu/molecule-AI/exp_a2_multiprop.py
2026-09-06T00:24:49.4792225990	6227	/home/cbgpu/molecule-AI/c1_prop_regressor.py
2026-09-08T07:10:21.4102384160	6252	/home/cbgpu/molecule-AI/c1_prop_regressor_v2.py
2026-09-14T09:48:40.8704433240	16287	/home/cbgpu/molecule-AI/model3_clean.py
2026-09-08T12:13:53.0942166530	2587	/home/cbgpu/molecule-AI/d2_results.json
2026-09-16T04:32:36.1209572080	4733	/home/cbgpu/molecule-AI/exp_a_out2.log
2026-09-08T12:51:39.7193836880	2768	/home/cbgpu/molecule-AI/d3.log
2026-09-03T13:28:42.6122230160	1819	/home/cbgpu/molecule-AI/z1_z2_output.log
2026-09-06T01:02:59.2856788330	10496	/home/cbgpu/molecule-AI/c4_eval.py
2026-09-08T07:36:20.3423971260	6185	/home/cbgpu/molecule-AI/c1_history_v2.json
2026-09-19T05:03:01.2559403780	6010	/home/cbgpu/molecule-AI/cycle_features_dev.py
2026-09-06T00:53:23.4084975440	3260	/home/cbgpu/molecule-AI/c1_train2.log
2026-09-12T17:55:47.5250529100	196138	/home/cbgpu/molecule-AI/c4_ft2_stdout.log
2026-09-12T19:41:55.5438148620	22629274	/home/cbgpu/molecule-AI/checkpoints_c4_g5/best.pt
2026-09-12T19:41:55.6248176990	45364378	/home/cbgpu/molecule-AI/checkpoints_c4_g5/ckpt_epoch0005.pt
2026-09-12T21:21:17.6016472410	45364378	/home/cbgpu/molecule-AI/checkpoints_c4_g5/ckpt_epoch0010.pt
2026-09-12T21:23:44.1077788950	4955812	/home/cbgpu/molecule-AI/c4_g5_stdout.log
2026-09-08T07:43:57.3451983020	4760	/home/cbgpu/molecule-AI/c6_agreement.py
2026-09-13T12:30:40.8990996930	3396	/home/cbgpu/molecule-AI/viz_final.py
2026-09-20T00:48:48.4097511170	6392	/home/cbgpu/molecule-AI/dataset2.py
2026-09-18T11:06:00.6238763230	5116	/home/cbgpu/molecule-AI/train_c4_b1.log
2026-09-08T07:36:20.3465655700	551456	/home/cbgpu/molecule-AI/c1_regressor_v2.pt
2026-09-03T08:54:43.6892305720	3996	/home/cbgpu/molecule-AI/y1_partial_denoise.py
2026-09-08T14:59:25.2589754360	8699	/home/cbgpu/molecule-AI/e1_guidance_sweep.py
2026-09-08T06:48:59.4883872110	6380	/home/cbgpu/molecule-AI/gen_cond_examples.py
2026-09-13T10:34:12.3310250620	2378	/home/cbgpu/molecule-AI/diag_h3_cond_uncond_gap.py
2026-09-05T04:47:41.4020466850	1230	/home/cbgpu/molecule-AI/plot_history.py
2026-09-08T12:13:53.0942166530	3920	/home/cbgpu/molecule-AI/d2.log
2026-09-17T05:07:50.5213796140	4786	/home/cbgpu/molecule-AI/extend_properties.py
2026-09-08T15:04:25.4810556250	3599	/home/cbgpu/molecule-AI/e1.log
2026-09-16T11:50:20.3615678240	7347	/home/cbgpu/molecule-AI/exp_a_real_data_control.py
2026-09-05T00:45:31.0293264150	6442	/home/cbgpu/molecule-AI/gen_3d_samples.py
2026-09-14T10:15:10.9355806250	11714	/home/cbgpu/molecule-AI/qm_props.py
2026-09-12T13:30:22.8950921430	2710	/home/cbgpu/molecule-AI/measure_ft_error.py
2026-09-08T15:57:13.1396049230	4247	/home/cbgpu/molecule-AI/legacy_models.py
2026-09-17T22:26:51.4461105330	7239	/home/cbgpu/molecule-AI/web/web.log
2026-09-14T07:06:44.1708048000	1001	/home/cbgpu/molecule-AI/web/web_server.py
2026-09-17T05:36:14.3497325840	7367	/home/cbgpu/molecule-AI/exp_a3_out.log
2026-09-06T00:53:23.4034973680	6198	/home/cbgpu/molecule-AI/c1_history.json
2026-09-19T01:00:09.7220511420	16371	/home/cbgpu/molecule-AI/raw_errors_b1fixed.json
2026-09-16T04:19:04.9220939950	2708	/home/cbgpu/molecule-AI/exp_a_out.log
2026-09-05T02:24:30.0441775910	1597	/home/cbgpu/molecule-AI/frag_check3.py
2026-09-17T23:28:04.9189520150	10186888	/home/cbgpu/molecule-AI/train_c4_a1_stdout.log
2026-09-03T09:01:52.8609791550	1561	/home/cbgpu/molecule-AI/y1_output.log
2026-09-20T12:15:01.4204699760	36362	/home/cbgpu/molecule-AI/train3.py
2026-09-19T04:19:28.8722079990	15868	/home/cbgpu/molecule-AI-control/raw_errors_a1.json
2026-09-18T19:04:36.5476055640	10129897	/home/cbgpu/molecule-AI-control/train_control_stdout.log
2026-09-19T01:01:49.2325589790	16376	/home/cbgpu/molecule-AI-control/raw_errors_control.json
2026-09-19T01:09:32.5518914350	2352	/home/cbgpu/molecule-AI-control/measure_ring56_raw.py
2026-09-18T19:04:36.5416053530	5003	/home/cbgpu/molecule-AI-control/train_control.log
2026-09-18T18:38:59.2507507160	23062849	/home/cbgpu/molecule-AI-control/checkpoints_c4_control/best.pt
2026-09-18T19:01:54.8029128240	92312350	/home/cbgpu/molecule-AI-control/checkpoints_c4_control/ckpt_epoch0020.pt
2026-09-18T15:11:11.2202685430	92312350	/home/cbgpu/molecule-AI-control/checkpoints_c4_control/ckpt_epoch0010.pt
2026-09-19T00:56:17.5634875770	4236	/home/cbgpu/molecule-AI-control/measure_ci_raw.py
2026-09-19T00:56:43.5758745970	551342	/home/cbgpu/molecule-AI-control/c1_regressor.pt
2026-09-18T11:26:40.0048064880	33354	/home/cbgpu/molecule-AI-control/model3.py
2026-09-19T01:11:49.2115787070	3114	/home/cbgpu/molecule-AI-control/ring_raw_control.json
2026-09-19T01:11:49.2115787070	1104	/home/cbgpu/molecule-AI-control/ring56_control_out.log
2026-09-19T00:56:43.5747842610	6227	/home/cbgpu/molecule-AI-control/c1_prop_regressor.py
2026-09-20T00:48:49.1657776700	6392	/home/cbgpu/molecule-AI-control/dataset2.py
2026-09-19T01:01:49.2325589790	1568	/home/cbgpu/molecule-AI-control/measure_ci_control_out.log
2026-09-19T00:56:43.5737842260	11714	/home/cbgpu/molecule-AI-control/qm_props.py
2026-09-20T12:15:01.9744893460	36362	/home/cbgpu/molecule-AI-control/train3.py
2026-09-20T00:12:25.7791804150	1687	/home/cbgpu/molecule-AI-c1-feature/measure_ci_feature_out.log
2026-09-19T06:23:47.1481550290	1393	/home/cbgpu/molecule-AI-c1-feature/gate_identity_check.py
2026-09-19T14:23:41.5323954720	23071543	/home/cbgpu/molecule-AI-c1-feature/checkpoints_c4_c1_feature/best.pt
2026-09-19T15:10:47.1987183440	92348240	/home/cbgpu/molecule-AI-c1-feature/checkpoints_c4_c1_feature/ckpt_epoch0020.pt
2026-09-19T11:12:08.8286614340	92348240	/home/cbgpu/molecule-AI-c1-feature/checkpoints_c4_c1_feature/ckpt_epoch0010.pt
2026-09-20T00:15:52.3994276750	2979	/home/cbgpu/molecule-AI-c1-feature/ring_raw_c1_feature.json
2026-09-19T06:22:02.9691821870	2352	/home/cbgpu/molecule-AI-c1-feature/measure_ring56_raw.py
2026-09-19T15:14:03.5896445390	10179487	/home/cbgpu/molecule-AI-c1-feature/train_c1_feature_stdout.log
2026-09-19T06:25:45.5242087480	5944	/home/cbgpu/molecule-AI-c1-feature/measure_ci_raw.py
2026-09-19T06:22:02.9688095130	551342	/home/cbgpu/molecule-AI-c1-feature/c1_regressor.pt
2026-09-20T00:15:52.3994276750	1117	/home/cbgpu/molecule-AI-c1-feature/ring56_feature_out.log
2026-09-19T06:23:24.8093900530	39559	/home/cbgpu/molecule-AI-c1-feature/model3.py
2026-09-20T01:06:12.1274081180	5948	/home/cbgpu/molecule-AI-c1-feature/diagnose_cycle_path.py
2026-09-19T06:22:02.9687818230	6227	/home/cbgpu/molecule-AI-c1-feature/c1_prop_regressor.py
2026-09-20T00:48:49.7287974440	6392	/home/cbgpu/molecule-AI-c1-feature/dataset2.py
2026-09-19T15:14:03.5896445390	5980	/home/cbgpu/molecule-AI-c1-feature/train_c1_feature.log
2026-09-19T06:22:02.9687477650	11714	/home/cbgpu/molecule-AI-c1-feature/qm_props.py
2026-09-20T00:12:25.7791804150	48869	/home/cbgpu/molecule-AI-c1-feature/raw_errors_c1_feature.json
2026-09-20T12:15:02.4595063030	36362	/home/cbgpu/molecule-AI-c1-feature/train3.py
2026-09-19T15:07:13.7321899370	10141061	/home/cbgpu/molecule-AI-c1-control/train_c1_control_stdout.log
2026-09-20T12:03:46.9748899720	342205	/home/cbgpu/molecule-AI-c1-control/train_c1_control_ext40_resume_stdout.log
2026-09-20T11:48:22.0325520890	8926669	/home/cbgpu/molecule-AI-c1-control/train_c1_control_ext40_stdout.log
2026-09-19T06:23:46.6361374950	1393	/home/cbgpu/molecule-AI-c1-control/gate_identity_check.py
2026-09-20T00:15:22.9133934450	3155	/home/cbgpu/molecule-AI-c1-control/ring_raw_c1_control.json
2026-09-20T00:12:27.6052444640	52083	/home/cbgpu/molecule-AI-c1-control/raw_errors_c1_control.json
2026-09-19T06:22:03.0813825870	2352	/home/cbgpu/molecule-AI-c1-control/measure_ring56_raw.py
2026-09-20T12:13:50.9910076170	232783	/home/cbgpu/molecule-AI-c1-control/train_c1_control_ext40_resume2_stdout.log
2026-09-19T15:07:13.7321899370	5768	/home/cbgpu/molecule-AI-c1-control/train_c1_control.log
2026-09-19T06:25:46.1892315220	5944	/home/cbgpu/molecule-AI-c1-control/measure_ci_raw.py
2026-09-20T10:47:28.2488082880	23062849	/home/cbgpu/molecule-AI-c1-control/checkpoints_c4_c1_control_ext40/best.pt
2026-09-20T08:51:06.5808236460	92312350	/home/cbgpu/molecule-AI-c1-control/checkpoints_c4_c1_control_ext40/ckpt_epoch0010.pt
2026-09-19T06:22:03.0810596040	551342	/home/cbgpu/molecule-AI-c1-control/c1_regressor.pt
2026-09-20T12:15:28.7244245790	7	/home/cbgpu/molecule-AI-c1-control/runs/20260920_121527_e1_ext40/pid
2026-09-20T12:27:36.8578816230	292856	/home/cbgpu/molecule-AI-c1-control/runs/20260920_121527_e1_ext40/stdout.log
2026-09-20T12:15:28.7214244740	807	/home/cbgpu/molecule-AI-c1-control/runs/20260920_121527_e1_ext40/manifest.json
2026-09-19T06:22:02.9732333990	33354	/home/cbgpu/molecule-AI-c1-control/model3.py
2026-09-20T00:15:22.9133934450	1117	/home/cbgpu/molecule-AI-c1-control/ring56_control_out.log
2026-09-19T06:22:03.0810221090	6227	/home/cbgpu/molecule-AI-c1-control/c1_prop_regressor.py
2026-09-20T00:48:50.3038176400	6392	/home/cbgpu/molecule-AI-c1-control/dataset2.py
2026-09-20T00:12:27.6052444640	1687	/home/cbgpu/molecule-AI-c1-control/measure_ci_control_out.log
2026-09-20T12:16:23.5223404260	13267	/home/cbgpu/molecule-AI-c1-control/train_c1_control_ext40.log
2026-09-19T06:22:03.0809910410	11714	/home/cbgpu/molecule-AI-c1-control/qm_props.py
2026-09-19T15:04:38.3767109560	23062849	/home/cbgpu/molecule-AI-c1-control/checkpoints_c4_c1_control/best.pt
2026-09-19T15:04:38.5297163520	92312350	/home/cbgpu/molecule-AI-c1-control/checkpoints_c4_c1_control/ckpt_epoch0020.pt
2026-09-19T11:08:51.1747723470	92312350	/home/cbgpu/molecule-AI-c1-control/checkpoints_c4_c1_control/ckpt_epoch0010.pt
2026-09-20T12:15:02.9465233300	36362	/home/cbgpu/molecule-AI-c1-control/train3.py
2026-09-20T12:01:15.0666030110	551342	/home/cbgpu/molecule-AI-pec/c1_regressor.pt
2026-09-20T12:01:15.0661253310	33354	/home/cbgpu/molecule-AI-pec/model3.py
2026-09-20T12:01:15.0665108370	6227	/home/cbgpu/molecule-AI-pec/c1_prop_regressor.py
2026-09-20T12:01:50.6078215400	1474	/home/cbgpu/molecule-AI-pec/manifest.json
2026-09-20T12:01:15.0662928090	6392	/home/cbgpu/molecule-AI-pec/dataset2.py
2026-09-20T12:01:15.0663954950	11714	/home/cbgpu/molecule-AI-pec/qm_props.py
2026-09-20T12:15:03.4815420350	36362	/home/cbgpu/molecule-AI-pec/train3.py
